id,Created (UTC),Active,Currency,Url,Name,project (metadata)
plink_1Tgk1nCBgIxNRpERLaMJZK6Z,2026-06-10 11:10,true,czk,https://buy.stripe.com/aFa4gy35x13l4Ha8UV9EI0g,Ninja Týden,Ninja-tyden
plink_1TfLUGCBgIxNRpER3Z5BRPyU,2026-06-06 14:46,true,czk,https://buy.stripe.com/aFabJ0bC327p0qU2wx9EI0f,Model Automation — webdo24.cz,
plink_1TfLU7CBgIxNRpER6ZjeHckr,2026-06-06 14:46,true,czk,https://buy.stripe.com/dRm28q5dFeUba1u1st9EI0e,Model Start — webdo24.cz,
plink_1TfLU2CBgIxNRpERpcdbiX83,2026-06-06 14:45,true,czk,https://buy.stripe.com/3cI8wO21t27pehKdbb9EI0d,Model Business — webdo24.cz,
plink_1TfLTzCBgIxNRpERDbjy3QrD,2026-06-06 14:45,true,czk,https://buy.stripe.com/9B600i49BcM3ddG3AB9EI0c,Model Business — webdo24.cz,
plink_1TfLTqCBgIxNRpERdzHvkU76,2026-06-06 14:45,true,czk,https://buy.stripe.com/28E00igWn4fx7Tm1st9EI0b,Model Start — webdo24.cz,
plink_1TfLStCBgIxNRpERA4hKXQMS,2026-06-06 14:44,true,czk,https://buy.stripe.com/eVq6oG5dF13l0qU1st9EI0a,Model Automation — webdo24.cz,
plink_1TezMaCBgIxNRpERpY3NLes9,2026-06-05 15:08,true,czk,https://buy.stripe.com/00wfZggWn8vNa1udbb9EI09,Já a kámoška,SheSkates.cz
plink_1TezMaCBgIxNRpERtJdlqo6V,2026-06-05 15:08,true,czk,https://buy.stripe.com/bJe6oGbC37rJb5ygnn9EI08,1 osoba,SheSkates.cz
plink_1Tb0C6CBgIxNRpERM2ZBftz1,2026-05-25 15:13,false,czk,https://buy.stripe.com/dRm00i5dF6nF5Leeff9EI07,Já a kámoška,
plink_1Tb0C5CBgIxNRpERH6ypsDND,2026-05-25 15:13,false,czk,https://buy.stripe.com/bJe3cudKb13lehKb339EI06,1 osoba,
plink_1TYmqQCBgIxNRpERMVbBtebP,2026-05-19 12:33,false,czk,https://buy.stripe.com/7sY00i9tVbHZ6Pi6MN9EI05,Já a kámoška,
plink_1TYmqQCBgIxNRpERK97siAIb,2026-05-19 12:33,false,czk,https://buy.stripe.com/00w14mfSjbHZ6Pi5IJ9EI04,1 osoba,
plink_1TVuB8CBgIxNRpERI8rHSERl,2026-05-11 13:47,true,czk,https://buy.stripe.com/9B6dR86hJ13l1uYeff9EI03,Ninja Týden,
plink_1TTNeXCBgIxNRpEReCt5FCxR,2026-05-04 14:39,true,czk,https://buy.stripe.com/4gMfZgdKbh2jb5y0op9EI02,PRO,
plink_1TF0gKCBgIxNRpERqhs0NmWD,2026-03-25 23:17,true,czk,https://buy.stripe.com/eVqfZgbC3bHZ0qUb339EI01,Členský příspěvek BASIC,
plink_1TF0fCCBgIxNRpER9TJe6a6V,2026-03-25 23:16,true,czk,https://buy.stripe.com/9B6dR8gWn7rJ5Le9YZ9EI00,Merch_1,
